"Horizon, months","OAI H0(t), uncentered LP"
12,0.001638561
24,0.003918718
36,0.006467072
60,0.012451052
