"apparent_c_index","bootstrap_repetitions","bootstrap_used","bootstrap_failures","optimism","optimism_corrected_c_index","model"
0.539429392350271,100,100,0,0.0089753280596144,0.530454064290656,"A_basic"
0.636073539560847,100,100,0,0.00776681516492985,0.628306724395917,"B_baseline_symptoms"
0.716586307106539,100,100,0,0.00709025471247754,0.709496052394062,"C_baseline_symptoms_imaging"
0.688305688705687,100,100,0,0.0079650109900765,0.68034067771561,"D_dynamic_clinical"
0.770141924216318,100,100,0,0.00618740099368667,0.763954523222632,"E_dynamic_clinical_imaging"
