"horizon_months","baseline_cumulative_hazard"
12,0.00163856134510174
24,0.00391871810230842
36,0.00646707248394058
60,0.0124510517901097
